method,precision,recall,f1,tp,fp,fn,tn,elapsed
rule_based,0.8673469387755102,0.85,0.8585858585858586,255,39,45,261,0.029697179794311523
embedding,0.5042016806722689,1.0,0.6703910614525139,300,295,0,5,5.591332197189331
llm_rag,0.8828828828828829,0.32666666666666666,0.4768856447688564,98,13,202,287,1516.3338799476624
